num_demandas,distancia_fifo_m,distancia_otimizada_m,economia_m,economia_pct,dia,empilhadeira_id
25,2072.141702387623,1731.582501675636,340.55920071198693,16.435130875440514,0,0
25,2247.5226160767843,2169.6361983982933,77.88641767849094,3.465434212824403,0,1
25,2161.093073061703,1988.9397016912121,172.15337137049073,7.966032260081907,0,2
25,2403.8919219232025,2193.8280164947823,210.06390542842018,8.738492089126922,0,3
25,2021.6887960114502,1867.6709404335652,154.01785557788503,7.618277149368577,0,4
25,2306.3685679352943,2037.9666742501404,268.40189368515394,11.637424192154702,0,5
25,2128.92147219973,1899.239516447174,229.68195575255595,10.788653257145963,0,6
25,2069.8369105570728,1862.8851985306233,206.9517120264495,9.998454997633164,0,7
25,2248.559715422977,2120.8382362877023,127.72147913527488,5.6801461957726636,0,8
25,1910.3770394376793,1662.89181431646,247.48522512121917,12.95478431807716,0,9
25,1967.3911340494667,1716.8700637241984,250.52107032526828,12.733668765174448,0,10
25,1956.2165602221492,1809.797122978345,146.41943724380417,7.4848276116820465,0,11
25,2084.8323719030323,1973.098617484847,111.7337544181853,5.35936394330806,0,12
25,1853.1060530109683,1598.3240817889157,254.78197122205256,13.74891473739871,0,13
25,1948.5110996470323,1674.641681944385,273.8694177026473,14.055317301105342,0,14
25,2209.683009076785,2148.1556638770376,61.52734519974729,2.7844421551421386,1,0
25,2220.7300379611693,2026.3463665034526,194.38367145771667,8.75314280146264,1,1
25,1923.6279859902456,1666.7079990884204,256.91998690182527,13.356012117362075,1,2
25,2180.7023013283506,1938.184849157715,242.51745217063558,11.121071043163882,1,3
25,2066.7756226628035,1977.3323920107268,89.44323065207664,4.327670099806929,1,4
25,2133.6763360080854,2031.6768776449069,101.99945836317852,4.780455997089524,1,5
25,2044.8841960824486,1819.941059619111,224.94313646333762,11.000287297162329,1,6
25,2131.075628453633,1822.868951189831,308.2066772638018,14.462493641647296,1,7
25,2059.025218794928,1913.0308626628275,145.99435613210062,7.090459835044942,1,8
25,2006.8499041951877,1788.5417542450716,218.3081499501161,10.878150353634185,1,9
25,2309.6582138251997,1965.6695290269517,343.98868479824796,14.8934886875986,1,10
25,2002.2855955621562,1888.722351980467,113.56324358168922,5.671680595085413,1,11
25,2169.2551304403396,1845.643123926012,323.6120065143275,14.918116452657053,1,12
25,2112.572100435842,1988.6033645623713,123.96873587347068,5.868142244607645,1,13
25,2108.1106359696587,1857.5744841914707,250.536151778188,11.88439294899482,1,14
25,1836.572535954542,1557.3038206121887,279.2687153423533,15.205972531719576,2,0
25,2101.937374053665,1962.9421786044147,138.9951954492501,6.612718207735783,2,1
25,2165.2960929726028,1946.263999652462,219.0320933201408,10.115572370494837,2,2
25,2096.227794284396,2003.3469033666877,92.88089091770848,4.43085866769627,2,3
25,2155.3237659549777,2001.1411478510079,154.18261810396984,7.153571103302655,2,4
25,2057.7802663884654,1881.6365304796377,176.1437359088277,8.559890421049236,2,5
25,2164.618061291616,1979.7214883422648,184.89657294935114,8.541764307326547,2,6
25,1854.0911286521205,1529.940504006254,324.1506246458664,17.482993129982564,2,7
25,2176.5141724306613,2132.3902829327108,44.123889497950586,2.0272732453046443,2,8
25,2118.2250515478518,2024.130792851692,94.09425869615984,4.4421275552095985,2,9
25,2178.6763935467225,2010.1814410559487,168.4949524907738,7.733821920036348,2,10
25,2170.7787672371787,2079.8075184369604,90.97124880021829,4.190719486168569,2,11
25,2109.536004490857,2085.161583100703,24.37442139015411,1.1554399326802176,2,12
25,2209.4904034365986,1775.7126725477722,433.77773088882645,19.632478611997453,2,13
25,2219.2160571942513,2140.860470951381,78.35558624287023,3.5307777261640303,2,14
25,1830.9680564597081,1554.2646271197054,276.7034293400027,15.112411620933802,3,0
25,1959.1542972471407,1810.300616622219,148.8536806249217,7.597853871646554,3,1
25,2300.6335616072824,2141.5173948283177,159.11616677896473,6.916189063494407,3,2
25,1897.9909182643703,1866.6700922640382,31.32082600033209,1.650209476712018,3,3
25,2147.7529848003046,1880.2900740346652,267.46291076563944,12.453150462761796,3,4
25,2107.534952487518,1826.8771987434661,280.65775374405166,13.316873032771868,3,5
25,2146.682921915193,2077.7353131759337,68.94760873925952,3.2118208066679426,3,6
25,2430.108683795288,2343.5046570080285,86.6040267872595,3.563792326028946,3,7
25,2266.491101287412,2244.953365147787,21.537736139625395,0.9502678447487188,3,8
25,2005.6228786683378,1814.4165217502125,191.20635691812527,9.533514946991405,3,9
25,2128.6713915283517,1918.8472788480626,209.8241126802891,9.85704573826394,3,10
25,2199.943356753226,1983.019673605132,216.92368314809391,9.86042129140268,3,11
25,2005.184888758586,1881.1570045470482,124.02788421153787,6.185359011373947,3,12
25,2231.3267345834606,2066.060397052496,165.26633753096485,7.406639958617106,3,13
25,1900.9221784394297,1632.3773605027839,268.5448179366458,14.127081107397508,3,14
25,1986.1357227735161,1820.2339798399864,165.9017429335297,8.352991239785878,4,0
25,2010.8706105164383,1785.9316060717263,224.93900444471205,11.18615008187635,4,1
25,2118.309734577837,1921.5024139255502,196.80732065228676,9.290771667605492,4,2
25,2014.2036935205485,1809.2973343438923,204.90635917665622,10.173070371969597,4,3
25,1811.5196295563214,1629.2630958828388,182.25653367348264,10.060974813622142,4,4
25,2467.9385206447814,2355.5029112308853,112.43560941389615,4.555851309639628,4,5
25,2403.821500965707,2247.1806278975755,156.64087306813144,6.5163271484676715,4,6
25,2088.131362606227,1958.236577251225,129.8947853550019,6.2206232654289675,4,7
25,1877.7063866301976,1607.4148094889297,270.2915771412679,14.394773275833787,4,8
25,2060.043354038117,1955.884101124812,104.15925291330473,5.056168002927257,4,9
25,1966.2585431779873,1689.6500445316376,276.60849864634974,14.067758261295495,4,10
25,2054.156709029701,1936.554398615008,117.60231041469274,5.725089517159732,4,11
25,1907.7551348961972,1853.0005307540491,54.75460414214808,2.8701065005980095,4,12
25,2202.0243512909765,2054.893011291815,147.13133999916136,6.681640006065463,4,13
25,2223.1551621144836,2248.2826586016618,-25.127496487178178,-1.130262831645046,4,14
25,1997.2820667011504,1808.682686316921,188.59938038422933,9.442801471488359,5,0
25,2347.080017146185,2175.713235292533,171.3667818536519,7.3012756532270595,5,1
25,2163.269259890885,2089.009246680117,74.2600132107682,3.432767921572271,5,2
25,1571.0338499867037,1252.1776496663622,318.8562003203415,20.295947176634044,5,3
25,2094.0404899548457,2000.524526056887,93.51596389795873,4.465814502945701,5,4
25,2367.1898772362415,2093.783800881546,273.4060763546954,11.549816049141965,5,5
25,1939.7261466073735,1715.800795614203,223.92535099317047,11.54417345896075,5,6
25,1947.3460957991292,1869.9932451290508,77.3528506700784,3.9722189515744626,5,7
25,2102.813566977239,1790.398451337445,312.41511563979407,14.857004945468645,5,8
25,2191.6423386184956,1935.2216946929918,256.4206439255038,11.69993111591095,5,9
25,2108.5560001241774,1931.5442104215815,177.01178970259593,8.394929501145397,5,10
25,1876.859382155051,1801.6262143253293,75.23316782972165,4.008460545581059,5,11
25,2200.106993990916,1998.768976576276,201.33801741464026,9.15128300416973,5,12
25,2079.774754840053,1969.5860474107558,110.18870742929721,5.298107748104259,5,13
25,2103.1089687684753,2008.3502605868648,94.75870818161047,4.505648998163831,5,14
25,1934.8242474105916,1784.5536992597574,150.2705481508342,7.766625229756338,6,0
25,2029.2952454765928,1795.7932978409,233.50194763569266,11.506553723820176,6,1
25,1953.0004226272126,1768.9965409705192,184.00388165669347,9.421599684508415,6,2
25,2111.2294381965826,1885.3523345494086,225.87710364717395,10.698842085117889,6,3
25,2044.4831035002667,1719.831578436801,324.65152506346567,15.879393892160055,6,4
25,2314.33595190027,2189.7121484917207,124.62380340854952,5.384862267132073,6,5
25,2053.6780232118376,1964.7003417823557,88.97768142948189,4.3326013339873874,6,6
25,2202.2518393129626,2035.8177804192414,166.43405889372116,7.557448967582366,6,7
25,2114.6995414070084,1997.9807371839622,116.71880422304616,5.519403675918315,6,8
25,2288.389046613386,2114.8569497731846,173.53209684020158,7.583155368490063,6,9
25,1959.8220241996967,1791.3969136321393,168.42511056755734,8.593898246262162,6,10
25,2366.078382667873,2202.109495695751,163.96888697212216,6.929985421160856,6,11
25,2306.3507964527257,2058.607274250803,247.7435222019226,10.74179706673259,6,12
25,1969.7895076466923,1878.2000856347308,91.58942201196146,4.649706055211116,6,13
25,2324.906841560381,2229.290066749497,95.61677481088418,4.112714243066624,6,14
25,2141.1312023784258,2065.072935029971,76.05826734845459,3.5522469274170136,7,0
25,2082.4968080997514,1944.2982059742944,138.198602125457,6.636197548440002,7,1
25,2240.5944460096966,1945.5366039404669,295.05784206922976,13.168730405214655,7,2
25,1910.1350067981637,1851.3449025284467,58.79010426971695,3.077798378673925,7,3
25,2013.928005197273,1738.926194757845,275.001810439428,13.654997086774728,7,4
25,2189.3755734389742,1930.3659638551997,259.0096095837746,11.83029594035955,7,5
25,2191.9912070718533,2026.6492295719152,165.34197749993814,7.543003683888329,7,6
25,1896.8159069279795,1949.3081307734312,-52.49222384545169,-2.7673863158637446,7,7
25,2028.3540521796674,1993.1841189167662,35.16993326290117,1.7339149062811587,7,8
25,1976.363690641148,1827.8685778228496,148.49511281829837,7.513551960172137,7,9
25,1891.2094123084964,1766.8005068682655,124.40890544023091,6.578272328307193,7,10
25,2261.9528962445797,1950.4363642741534,311.5165319704263,13.772016759837193,7,11
25,2182.3559503644856,2084.2666440429557,98.08930632152988,4.494652043592958,7,12
25,1860.997036707218,1685.9367819087859,175.0602547984322,9.406799223505352,7,13
25,2067.6000095753825,2035.9941897024205,31.605819872962,1.5286235116362186,7,14
25,2001.337249856578,1905.036195231232,96.30105462534584,4.811835418155889,8,0
25,1885.831076948271,1601.458083242469,284.37299370580195,15.079452087828882,8,1
25,2032.7559755909945,1872.5543375997547,160.20163799123975,7.881006865305779,8,2
25,2137.0548277525872,1971.7850908729479,165.26973687963937,7.733528159099394,8,3
25,2068.4328253401804,1897.2183315292657,171.21449381091475,8.277498389765514,8,4
25,2237.3884135947633,2093.1538447068447,144.2345688879186,6.446559212138767,8,5
25,2306.576080429876,2066.929922254616,239.6461581752601,10.389692332654265,8,6
25,1995.4881347953904,1929.002447169176,66.48568762621426,3.3318006991322675,8,7
25,1978.2604194683004,1865.29536584788,112.96505362042035,5.710322691022758,8,8
25,2010.6388717313635,1757.6063248035575,253.03254692780592,12.584683927348888,8,9
25,1842.5856718168511,1643.958783082523,198.62688873432808,10.779791234264582,8,10
25,2151.1099431103567,1970.3344961234857,180.77544698687097,8.403821830021487,8,11
25,2174.9557958187515,2050.5310642213194,124.42473159743213,5.720793582868798,8,12
25,2148.700441486408,2010.705467726541,137.9949737598672,6.422252776399409,8,13
25,1967.6289989594868,1772.0109639001532,195.61803505933358,9.941815004900795,8,14
25,1898.2400649392628,1724.9971094971525,173.24295544211031,9.126503999253304,9,0
25,2130.5027932577123,1902.8536686516177,227.64912460609457,10.685230046471824,9,1
25,2049.1506888264817,1835.35661282263,213.79407600385161,10.433301814728342,9,2
25,1952.4519252018003,1846.7901590388542,105.66176616294615,5.411747393064504,9,3
25,2053.5245187584906,1802.7872449431834,250.73727381530716,12.21009398840276,9,4
25,2168.058975951888,2107.290090050658,60.76888590123008,2.8029166445783353,9,5
25,2389.7952954377065,2336.6265484521787,53.16874698552783,2.224824322276927,9,6
25,1993.3301653465392,1928.8587677218163,64.47139762472284,3.234356191740796,9,7
25,2167.3352827702165,2043.8553915028629,123.47989126735365,5.69731375892731,9,8
25,2026.819501084027,1792.2571915829053,234.56230950112172,11.572925431972017,9,9
25,2328.9912450293805,2181.6866192326343,147.30462579674622,6.324825226850003,9,10
25,2319.383192664139,2128.8147275663046,190.56846509783463,8.216342418129702,9,11
25,2106.616032540572,1848.5181711846449,258.0978613559273,12.251775234268113,9,12
25,2268.3441751623936,2111.688571711318,156.65560345107542,6.906165526660444,9,13
25,1927.0306889142933,1818.849197291803,108.18149162249028,5.613895629417335,9,14
25,2024.7747970627609,1838.3492787483794,186.4255183143814,9.20722238269755,10,0
25,2126.103484047129,1921.3667096389026,204.7367744082262,9.629671177552515,10,1
25,2233.8004775841023,2126.1554563121485,107.64502127195374,4.818918356950746,10,2
25,2370.0355197462236,2342.7962380024655,27.239281743758056,1.1493195573151054,10,3
25,2355.6752901541527,2213.3641662904074,142.31112386374525,6.041202896619618,10,4
25,2077.8681530026847,1957.1012866527415,120.76686634994326,5.81205627389907,10,5
25,2133.0839860521087,1831.1277023533594,301.9562836987493,14.155855356525699,10,6
25,2162.453365459319,1941.117840176216,221.3355252831027,10.23538952647377,10,7
25,1974.064467461346,1717.2054056004808,256.85906186086527,13.011685590551505,10,8
25,2008.2329118071355,1706.4083941223741,301.8245176847613,15.029358193973648,10,9
25,2062.5510962832095,1857.675590342901,204.87550594030859,9.933111781303335,10,10
25,2467.6639110186416,2399.604205710704,68.05970530793775,2.7580621900752678,10,11
25,2245.4214351216874,1916.7350965987685,328.68633852291896,14.638068978134,10,12
25,1993.4034953197474,1646.4369237578323,346.9665715619151,17.405737091188392,10,13
25,2235.604510892783,2234.3959410184934,1.2085698742894238,0.05406009284740549,10,14
25,2075.5021559956904,1986.8841359647245,88.61802003096591,4.269714670012124,11,0
25,1992.5839885544312,1880.9869311179607,111.59705743647055,5.600620002845218,11,1
25,1928.2217380319812,1697.8087860306332,230.412952001348,11.949504948352907,11,2
25,2281.299929515339,2023.161288624397,258.13864089094204,11.315418790451787,11,3
25,1989.7045700235099,1929.5048389583947,60.1997310651152,3.0255612804067638,11,4
25,2083.20406091331,2017.5029295628844,65.70113135042561,3.1538500036151613,11,5
25,2022.8741191737276,1820.7048326617353,202.16928651199237,9.994160516254533,11,6
25,2166.367984645627,1999.6636940168999,166.70429062872722,7.695104978021385,11,7
25,2106.177856989062,1618.9216851572469,487.2561718318152,23.13461658591284,11,8
25,2261.8259153159806,2157.6485090517554,104.17740626422528,4.605898515831248,11,9
25,2345.4712800379284,2261.4444805532007,84.02679948472769,3.5825124016598022,11,10
25,1990.887891861476,1995.1686480961473,-4.280756234671344,-0.21501744282893026,11,11
25,1956.0777951144114,1771.7716882472478,184.30610686716363,9.422227854510435,11,12
25,1971.2084938431783,1593.3221379152656,377.88635592791275,19.170288536610574,11,13
25,2005.0985137820308,1805.1567318945304,199.94178188750038,9.97166874910145,11,14
25,1930.2804765588573,1716.9926811047335,213.28779545412385,11.049575336033833,12,0
25,1977.2754870357176,1967.143153185447,10.13233385027047,0.5124391576542838,12,1
25,2118.0306000265737,1978.2841152297985,139.74648479677512,6.5979445620389905,12,2
25,2118.420755421029,1970.1570440919509,148.26371132907798,6.998784870742596,12,3
24,2006.778997827889,1886.179538769403,120.59945905848599,6.0096034086972825,12,4
25,2091.593847909838,1883.02299513807,208.57085277176816,9.97186203144536,12,5
25,2209.149163850111,2065.685123280023,143.46404057008795,6.494085728464729,12,6
25,2265.1585240550885,2191.1738280339737,73.98469602111481,3.2662038985539676,12,7
25,2062.868343427975,1860.7344060051266,202.13393742284848,9.798683375350656,12,8
25,2006.6147897629469,1908.195885163205,98.41890459974184,4.904723373008162,12,9
25,1931.6053560297996,1671.1627846190381,260.4425714107615,13.483218536216544,12,10
25,2027.9408260176497,1816.896252039385,211.04457397826468,10.406840834340395,12,11
25,2000.060156789999,1811.2224737621636,188.83768302783528,9.441600163212629,12,12
25,2272.1401625975377,2066.5940812250346,205.54608137250307,9.046364513777194,12,13
25,2080.7684901324988,1936.6346001743298,144.133889958169,6.926954663225934,12,14
25,1964.2979216206945,1854.020132565976,110.2777890547186,5.614107098567364,13,0
25,2073.7897096607767,1685.556690752259,388.2330189085176,18.72094441880625,13,1
25,2034.1119043204305,1888.3544803779798,145.7574239424507,7.165654142865179,13,2
25,2325.298900406474,2300.476487608434,24.82241279803975,1.0674934217575498,13,3
25,2096.09340910786,2011.9067651141486,84.18664399371164,4.016359367760389,13,4
25,2144.035716332768,1989.146247681233,154.88946865153503,7.224201885799891,13,5
25,2091.319267141291,1956.6239604535615,134.69530668772973,6.44068597291939,13,6
25,1975.551081469239,1815.1635016344308,160.38757983480832,8.118624789773914,13,7
25,1974.0031932956567,1667.863373559445,306.1398197362116,15.508577735636898,13,8
25,2074.726199616486,1925.2172545648036,149.50894505168253,7.206201236544818,13,9
25,1955.4163063383323,1496.5497262895503,458.866580048782,23.466439272363694,13,10
25,2292.7521305468645,2137.4528753401655,155.29925520669894,6.7734864636090055,13,11
25,2251.7752312743446,2164.643907229342,87.13132404500266,3.8694503267847264,13,12
25,2204.564598701029,1932.725555075378,271.8390436256509,12.33073613655157,13,13
25,1995.9757275044165,1766.6342179870503,229.34150951736615,11.490195314354526,13,14
25,2222.171247070799,2077.601390780663,144.5698562901357,6.5057927682532775,14,0
25,2196.002359735485,1894.022379286572,301.9799804489128,13.751350453252117,14,1
25,2185.1409447264373,2110.3283187257257,74.81262600071159,3.423697962424916,14,2
25,2191.2226014589196,1938.6561734974114,252.56642796150823,11.526278881632066,14,3
25,2059.8701585873573,1875.563432147227,184.3067264401302,8.94749242673268,14,4
25,2084.7229027178855,1868.806333720507,215.9165689973786,10.357087204054066,14,5
25,2020.2266428193134,1802.0265231443557,218.2001196749577,10.800774281961257,14,6
25,2154.599028796574,1991.7038366843437,162.89519211223046,7.560348349512329,14,7
25,2244.709928026453,2077.848739842346,166.86118818410705,7.433530101183776,14,8
25,2041.9361411575328,1840.776728080245,201.1594130772878,9.851405684178477,14,9
25,2249.293982704911,2097.151233137311,152.14274956759982,6.764022432703041,14,10
25,2147.0251632217987,2085.649879666358,61.37528355544055,2.85861966626146,14,11
25,2347.049224463535,2180.476920229249,166.5723042342861,7.097094619835232,14,12
25,1961.5191420068402,1648.8133170536132,312.70582495322697,15.942022601589096,14,13
25,2164.2777322180327,2030.2559967718698,134.0217354461629,6.192446258217165,14,14
25,1836.229839915744,1753.1267280371953,83.10311187854859,4.5257467269109295,15,0
25,2255.623209154153,2087.0854788591905,168.53773029496233,7.471892007981381,15,1
25,1884.093724023358,1687.6742662194324,196.41945780392552,10.425142618939612,15,2
25,2274.8064674105276,2124.7717839361167,150.03468347441094,6.595492215441052,15,3
25,2369.2781619561742,2302.3531726231795,66.92498933299476,2.824699539615843,15,4
25,1996.0278206924013,1831.921044686438,164.10677600596318,8.221667769592322,15,5
25,2105.477660818275,2052.58207450202,52.89558631625505,2.512284376158978,15,6
25,2250.1947971521013,2127.9122167108217,122.2825804412796,5.434310869265331,15,7
25,1980.2306571200368,1903.3629003237377,76.86775679629909,3.88175773968131,15,8
25,1959.3472786793102,1791.8625628051655,167.48471587414474,8.547985224295568,15,9
25,1723.3297334514243,1603.5985682541364,119.73116519728796,6.9476643310444475,15,10
25,2353.5965547663936,2107.8969964589155,245.69955830747813,10.43932350299795,15,11
25,2126.261533602987,1994.5134365318072,131.74809707117993,6.196231977537142,15,12
25,1921.6824909169584,1716.3829379449433,205.29955297201514,10.683323282716362,15,13
25,1733.8772991305148,1493.7962229184711,240.08107621204363,13.846485926797518,15,14
25,2146.5296903294084,1809.4230894784623,337.10660085094605,15.704725742657367,16,0
25,2128.1382574684017,1886.6448128252646,241.49344464313708,11.34763889496605,16,1
25,2366.5054987814237,2121.660862980951,244.8446358004726,10.346252562123755,16,2
25,2427.2085519910934,2166.1631801507715,261.0453718403219,10.754962593806805,16,3
25,2185.754778064403,2118.176189718618,67.57858834578519,3.091773561425288,16,4
25,2210.8299948068316,1932.225317648637,278.6046771581946,12.601813699498742,16,5
25,2052.6850484535494,1904.464607380514,148.22044107303532,7.220807750546123,16,6
25,2484.028402680465,2363.2857905348733,120.74261214559192,4.860758114331583,16,7
25,1874.1463459371337,1718.0970750655792,156.04927087155443,8.32641864974129,16,8
25,2278.109618083471,2175.0179849909714,103.0916330924997,4.525314860802382,16,9
25,1904.671918240314,1724.4967731740303,180.17514506628368,9.459642017127216,16,10
25,2173.296685774204,1735.1219733943526,438.17471237985137,20.16175312133043,16,11
25,2255.2148261818365,2106.480627019865,148.73419916197145,6.59512333083514,16,12
25,1971.3519076070556,1683.09279156173,288.2591160453255,14.622407847781558,16,13
25,2034.257127298747,1781.2092443955119,253.04788290323518,12.43932635198643,16,14
25,1835.8277552422453,1698.708964781243,137.1187904610024,7.469044417127738,17,0
25,1986.7252385432994,1862.9612773286913,123.76396121460812,6.22954592882476,17,1
25,2249.847342351907,1953.8017944448025,296.0455479071047,13.158472680978862,17,2
25,1949.7392488353235,1713.1831507432753,236.55609809204816,12.132704321019077,17,3
25,2181.5522432261664,2006.898504416011,174.65373881015535,8.005938860848477,17,4
25,2220.666700307083,2089.9115443738247,130.75515593325827,5.888103600381674,17,5
25,2345.8486763879637,2265.684388177927,80.16428821003683,3.417283007933416,17,6
25,2097.8045820592715,1993.4659254012836,104.33865665798794,4.973707157964437,17,7
25,1844.4681535149064,1652.350740781696,192.11741273321036,10.41587041593005,17,8
25,2196.2291006233795,2085.9586253010966,110.27047532228289,5.02090038288736,17,9
25,2004.3258507053906,1700.9907522758551,303.3350984295355,15.134021163414198,17,10
25,2020.8088334116044,1714.2993392309393,306.5094941806651,15.167664012196761,17,11
25,1910.6545534430486,1736.9010143759904,173.75353906705823,9.093927458207968,17,12
25,2464.935892504465,2427.208569733748,37.72732277071691,1.5305599989614567,17,13
25,2146.9607776811727,2047.6095522138958,99.35122546727689,4.627528667504643,17,14
25,2056.398113426708,1976.667127729171,79.73098569753688,3.877215466059538,18,0
25,2148.884599384301,2012.5524983083374,136.3321010759637,6.344319332691276,18,1
25,2278.4950773046216,1949.5701133626922,328.9249639419295,14.436062084059271,18,2
25,2041.4433081455372,2026.0997842452189,15.34352390031836,0.7516017632768129,18,3
25,1950.5828860257113,1791.0771652392839,159.50572078642745,8.17733621724829,18,4
25,2090.3890615802866,1855.8892390718413,234.49982250844528,11.217998927490022,18,5
25,1805.9289647549185,1708.2207531359654,97.7082116189531,5.410412786209064,18,6
25,2000.352549485548,1701.2768438762325,299.0757056093155,14.951149770385824,18,7
25,1962.3006050862473,1956.9395385945857,5.3610664916616315,0.2732031207535607,18,8
25,2022.9156291045317,1947.8614425673445,75.0541865371872,3.710198559808985,18,9
25,2176.253184915324,2147.499353606214,28.753831309109955,1.321253956498115,18,10
25,2247.953503227903,2116.17421783541,131.77928539249297,5.862189106815029,18,11
25,2246.806497727169,2226.877856363035,19.92864136413391,0.8869763099000018,18,12
25,2349.4720145153065,2342.3516733372426,7.120341178063882,0.30306133182577194,18,13
25,2108.0921690030077,1925.0333298897583,183.0588391132494,8.683625972569525,18,14
25,2233.612989301248,2115.1282642661286,118.48472503511948,5.304621955667693,19,0
25,2024.3625585820012,1796.5410785985437,227.8214799834575,11.253986051937202,19,1
25,2144.3963256393126,1916.131775228026,228.26455041128656,10.64469975452106,19,2
25,2266.9773862897614,2136.76463152951,130.2127547602513,5.743892971661417,19,3
25,2324.4134753859184,2311.693053583065,12.720421802853252,0.5472529710206271,19,4
25,1983.8974525094022,1740.4391609385443,243.4582915708579,12.27171753574819,19,5
25,2103.994002814381,2002.9955513996672,100.99845141471383,4.800320308879898,19,6
25,2142.1628518899097,1896.5145702954849,245.64828159442482,11.467301908335454,19,7
25,2027.0368341270373,1686.8767393403025,340.1600947867348,16.78115015276612,19,8
25,2328.940965408695,2208.5978786732653,120.34308673542955,5.167287987238058,19,9
25,2464.658498476176,2334.747094224723,129.9114042514534,5.270969764442972,19,10
25,1944.8036847465787,1894.1944890910042,50.60919565557447,2.602277857272221,19,11
25,2048.71823111587,1904.8482139624716,143.8700171533983,7.022440419980887,19,12
25,2003.5921517844256,1770.066801383757,233.52535040066869,11.655333656237769,19,13
25,2101.9787638514504,1859.4844668148937,242.49429703655665,11.536477019027297,19,14
